use mydb;

insert into Korisnik values 
(10000                              , 'Kori '                              , ' Erickson'                               ,str_to_date('11.04.1957', '%d.%m.%Y'))                             ,
(10001                              , 'Sima '                               , ' Walls'                                 ,str_to_date('22.11.1957' , '%d.%m.%Y'))                               ,
(10002                              , 'Marcelle '                               , ' Norton'                                 ,str_to_date('01.10.1958' , '%d.%m.%Y'))                               ,
(10003                              , 'Felton '                               , ' Porter'                                ,str_to_date('20.01.1965' , '%d.%m.%Y'))                              ,
(10004                              , 'Bo '                               , ' Long'                                ,str_to_date('16.02.1965' , '%d.%m.%Y'))                              ,
(10005                              , 'Meta '                               , ' Pittman'                                 ,str_to_date('23.06.1965' , '%d.%m.%Y'))                               ,
(10006                              , 'Ceola '                               , ' Stone'                                ,str_to_date('09.07.1965' , '%d.%m.%Y'))                              ,
(10007                              , 'James '                               , ' Fitzpatrick'                                 ,str_to_date('28.08.1969' , '%d.%m.%Y'))                               ,
(10008                              , 'Lakisha '                               , ' Harding'                                ,str_to_date('27.10.1970' , '%d.%m.%Y'))                              ,
(10009                              , 'Asuncion '                               , ' Jensen'                                ,str_to_date('09.06.1972' , '%d.%m.%Y'))                              ,
(10010                              , 'Jazmine '                               , ' Harris'                                 ,str_to_date('17.03.1975' , '%d.%m.%Y'))                               ,
(10011                              , 'Rogelio '                               , ' Santana'                                ,str_to_date('14.02.1979' , '%d.%m.%Y'))                              ,
(10012                              , 'JoeY '                               , ' Cain'                                 ,str_to_date('25.02.1981' , '%d.%m.%Y'))                               ,
(10013                              , 'Season '                               , ' PaYne'                                ,str_to_date('18.02.1983' , '%d.%m.%Y'))                              ,
(10014                              , 'Bell '                               , ' GraY'                                 ,str_to_date('25.01.1984' , '%d.%m.%Y'))                               ,
(10015                              , 'Cathie '                               , ' Rowland'                                ,str_to_date('04.06.1984' , '%d.%m.%Y'))                              ,
(10016                              , 'Lenard '                               , ' Crawford'                                 ,str_to_date('07.03.1985' , '%d.%m.%Y'))                               ,
(10017                              , 'Joana '                               , ' Braun'                                 ,str_to_date('23.09.1985' , '%d.%m.%Y'))                               ,
(10018                              , 'Meagan '                               , ' Costa'                                ,str_to_date('10.01.1991' , '%d.%m.%Y'))                              ,
(10019                              , 'RobbY '                               , ' LYnch'                                ,str_to_date('04.09.1991' , '%d.%m.%Y'))                              ,
(10020                              , 'Issac '                               , ' GentrY'                                ,str_to_date('27.01.1993' , '%d.%m.%Y'))                              ,
(10021                              , 'Alissa '                               , ' Valdez'                                ,str_to_date('06.01.1994' , '%d.%m.%Y'))                              ,
(10022                              , 'Tonisha '                               , ' Shannon'                                 ,str_to_date('27.09.1994' , '%d.%m.%Y'))                               ,
(10023                              , 'Shalanda '                               , ' Molina'                                ,str_to_date('28.11.1996' , '%d.%m.%Y'))                              ,
(10024                              , 'Ida '                               , ' Delgado'                                 ,str_to_date('05.10.1998' , '%d.%m.%Y'))                               ,
(10025                              , 'Brittanie '                               , ' Brandt'                                ,str_to_date('04.11.1951' , '%d.%m.%Y'))                              ,
(10026                              , 'Doretha '                               , ' MckaY'                                 ,str_to_date('21.07.1953' , '%d.%m.%Y'))                               ,
(10027                              , 'Harriett '                               , ' Hines'                                 ,str_to_date('08.08.1956' , '%d.%m.%Y'))                               ,
(10028                              , 'Carol '                               , ' Hogan'                                ,str_to_date('02.11.1956' , '%d.%m.%Y'))                              ,
(10029                              , 'Letha '                               , ' Brooks'                                 ,str_to_date('12.04.1957' , '%d.%m.%Y'))                               ,
(10030                              , 'Julienne '                               , ' Jennings'                                 ,str_to_date('02.03.1958' , '%d.%m.%Y'))                               ,
(10031                              , 'Luciano '                               , ' Medina'                                ,str_to_date('29.08.1958' , '%d.%m.%Y'))                              ,
(10032                              , 'Antoinette '                               , ' Blankenship'                                ,str_to_date('25.01.1960' , '%d.%m.%Y'))                              ,
(10033                              , 'Rhett '                               , ' PettY'                                 ,str_to_date('05.07.1963' , '%d.%m.%Y'))                               ,
(10034                              , 'Lavonne '                               , ' BarrY'                                 ,str_to_date('29.08.1964' , '%d.%m.%Y'))                               ,
(10035                              , 'TifanY '                               , ' Guerrero'                                ,str_to_date('17.08.1966' , '%d.%m.%Y'))                              ,
(10036                              , 'Gita '                               , ' Lewis'                                 ,str_to_date('27.11.1966' , '%d.%m.%Y'))                               ,
(10037                              , 'Nada '                               , ' Hobbs'                                ,str_to_date('29.09.1967' , '%d.%m.%Y'))                              ,
(10038                              , 'Frieda '                               , ' CaseY'                                 ,str_to_date('04.01.1970' , '%d.%m.%Y'))                               ,
(10039                              , 'Adelina '                               , ' Barrera'                                ,str_to_date('22.04.1970' , '%d.%m.%Y'))                              ,
(10040                              , 'Retta '                               , ' Cohen'                                ,str_to_date('06.09.1970' , '%d.%m.%Y'))                              ,
(10041                              , 'Noel '                               , ' Bautista'                                 ,str_to_date('22.12.1971' , '%d.%m.%Y'))                               ,
(10042                              , 'JimY '                               , ' Levine'                                 ,str_to_date('08.03.1972' , '%d.%m.%Y'))                               ,
(10043                              , 'Danille '                               , ' Zimerman'                                 ,str_to_date('08.09.1973' , '%d.%m.%Y'))                               ,
(10044                              , 'Dorinda '                               , ' Montes'                                ,str_to_date('06.10.1973' , '%d.%m.%Y'))                              ,
(10045                              , 'Adrianne '                               , ' Woods'                                ,str_to_date('04.08.1975' , '%d.%m.%Y'))                              ,
(10046                              , 'Margert '                               , ' Franco'                                 ,str_to_date('23.12.1975' , '%d.%m.%Y'))                               ,
(10047                              , 'GwYneth '                               , ' Larsen'                                ,str_to_date('06.03.1978' , '%d.%m.%Y'))                              ,
(10048                              , 'Thomasena '                               , ' BoYle'                                 ,str_to_date('03.08.1979' , '%d.%m.%Y'))                               ,
(10049                              , 'Lilian '                               , ' Hutchinson'                                ,str_to_date('03.03.1980' , '%d.%m.%Y'));








/*

insert into Student values
(10000,'ir457.65' ,'1021United General ' ,10010),
(10001,'ir329.65 ','1022Swanlake Hanninghan' ,10011),
(10002,'ir337.65 ','1023Northshore ' ,10012),
(10003,'ir489.65 ','1024Spring Harbor ' ,10013),
(10004,'ir952.157 ','Sapphire Lake Community ' ,10014),
(10005,'ir314.157 ','Great River Community ' ,10015),
(10006,'re115.157 ','Wildflower Community ' ,10016),
(10007,'re411.157 ','Freeman School ' ,10017),
(10008,'re167.157 ','Ridgeview School ' ,10018),
(10009,'re163.96 ','Lowland ' ,10019),
(10010,'re557.96 ','Hope Valley School ' ,10020),
(10011,'re351.96 ','Harmony Faculty ' ,10021),
(10012,'re562.96 ','Spring Grove Community Hospital' ,10022),
(10013,'ft761.96 ','Grand Willow General Hospital ' ,10023),
(10014,'ft718.96 ','Forest View Faculty ' ,10024),
(10015,'ft805.96 ','Rainbow General Hospital ' ,10025),
(10016,'ft445.96 ','Trinity School ' ,10026),
(10017,'ft931.1187','Blessings Hospital School' ,10027),
(10018,'ft769.1187','Spring Hill Faculty' ,10028),
(10019,'ft620.1187','Harmony Faculty' ,10029);*/

/*
 insert into Zaposlen(zaposlenid,zanimanje,nazivfirme)VALUES 
 (1,'ComputerSupportSpecialist','Icefan'),
(2,'Economist','Flexphase'),
(3,'Physician','Subware'),
(4,'Speech.LanguagePathologist','Lamtone'),
(5,'Janitor','Hayholding'),
(6,'PatrolOfficer','Planethigh'),
(7,'LandscapeArchitect','coneline'),
(8,'Landscaper&Groundskeeper','Lambam'),
(9,'RespiratoryTherapist','goldholdings'),
(10,'WebDeveloper','gravecom'),
(11,'Veterinarian','Kaytrans'),
(12,'SchoolPsychologist','Vivafind'),
(13,'Judge','Transuning'),
(14,'RadiologicTechnologist','Lexitech'),
(15,'Interpreter&Translator','Sancode');



  
insert into Lice values 
(0000),
(0001),
(0002),
(0003),
(0004),
(0005),
(0006),
(0007),
(0008),
(0009),
(10045),
(10046),
(10047),
(10048),
(10049);



insert into Dete(deteID, liceID, ime, godine) values 
(1, 1, 'Hodson',     12),
(2, 1, 'Ortrun',     4),
(3, 3, 'Nicosia',    3),
(4, 8, 'Chaya', 	 9),
(5, 5, 'Baumgarten', 7);

-- tipSmestaja : Apartman, Bed & Breakfast, Guest house, Vacation Home
-- dodati imaFlatscreentv posle ima privatno kupatilo

-- zamenim bool sa bit 
insert into Smestaj values
( 1000000 , 2, 'Apartman '    ,1, 1,1,1,1,       0,       1000 , 180.4200),
( 1000001 , 4, 'Apartman '    ,5, 0,1,0,1,       0,       1000 , 846.9300),
( 1000002 , 3, 'Apartman '    ,7, 1,1,0,0,       1,       1000 , 168.1600),
( 1000003 , 2, 'Apartman '    ,2, 0,0,1,0,       1,       1000 , 171.4600),
( 1000004 , 2, 'Apartman '    ,3, 1,1,1,1,       0,       1000 , 195.7700),
( 1000005 , 4, 'Apartman '    ,7, 0,0,1,0,       0,       1000 , 424.2300),
( 1000006 , 3, 'Apartman '    ,1, 1,0,0,0,       1,       1000 , 719.8800),
( 1000007 , 2, 'Apartman '    ,7, 0,0,0,0,       1,       1000 , 164.9700),
( 1000008 , 4, 'Apartman '    ,2, 0,1,1,1,       1,       1000 , 596.5100),
( 1000009 , 2, 'Apartman '    ,7, 1,1,0,0,       1,       1000 , 118.9600),
( 1000010 , 4, 'Apartman '    ,1, 1,1,0,1,       1,       1001 , 102.5200),
( 1000011 , 3, 'Apartman '    ,6, 0,1,0,0,       0,       1001 , 135.0400),
( 1000012 , 3, 'Apartman '    ,2, 1,0,0,1,       1,       1001 , 783.3600),
( 1000013 , 1, 'Apartman '    ,2, 0,0,1,1,       0,       1001 , 110.2500),
( 1000014 , 4, 'Apartman '    ,7, 0,0,1,0,       1,       1001 , 204.4900),
( 1000015 , 1, 'Apartman '    ,4, 1,0,1,0,       0,       1001 , 196.7500),
( 1000016 , 1, 'Apartman '    ,1, 0,0,0,0,       0,       1001 , 136.5100),
( 1000017 , 3, 'Apartman '    ,1, 0,0,1,0,       0,       1002 , 154.0300),
( 1000018 , 4, 'Apartman '    ,7, 0,1,0,1,       1,       1002 , 304.0800),
( 1000019 , 4, 'Apartman '    ,5, 1,1,0,0,       1,       1002 , 130.3400),
( 1000020 , 2, 'Apartman '    ,6, 0,0,0,1,       1,       1002 , 350.0500),
( 1000021 , 1, 'Apartman '    ,6, 0,0,0,0,       0,       1002 , 521.5900),
( 1000022 , 4, 'Apartman '    ,4, 0,1,0,0,       1,       1002 , 294.7000),
( 1000023 , 3, 'Apartman '    ,2, 1,0,0,0,       1,       1004 , 172.6900),
( 1000024 , 1, 'Apartman '    ,5, 0,0,1,0,       0,       1004 , 336.4600),
( 1000025 , 4, 'Apartman '    ,1, 1,0,1,0,       0,       1004 , 861.0200),
( 1000026 , 1, 'Apartman '    ,6, 1,1,1,0,       1,       1004 , 278.7200),
( 1000027 , 1, 'Apartman '    ,2, 0,0,1,0,       1,       1004 , 233.6600),
( 1000028 , 1, 'Bed & Breakfa ' , 1, 0,0,0,1,    0,       1004 , 214.5100),
( 1000029 , 2, 'Bed & Breakfa ' , 4, 1,1,0,0,    1,       1004 , 468.7000),
( 1000030 , 4, 'Bed & Breakfa ' , 1, 0,1,0,0,    1,       1004 , 110.1500),
( 1000031 , 2, 'Bed & Breakfa ' , 6, 0,1,1,1,    0,       1005 , 180.1900),
( 1000032 , 2, 'Bed & Breakfa ' , 6, 0,0,0,1,    0,       1005 , 131.5600),
( 1000033 , 3, 'Bed & Breakfa ' , 3, 0,1,1,0,    0,       1005 , 635.7200),
( 1000034 , 1, 'Bed & Breakfa ' , 6, 1,0,1,0,    1,       1005 , 136.9100),
( 1000035 , 3, 'Bed & Breakfa ' , 6, 1,0,1,1,    0,       1005 , 112.5900),
( 1000036 , 4, 'Bed & Breakfa ' , 5, 0,1,0,1,    1,       1005 , 105.9900),
( 1000037 , 4, 'Bed & Breakfa ' , 1, 1,1,0,0,    0,       1005 , 208.9000),
( 1000038 , 3, 'Bed & Breakfa ' , 3, 0,1,0,1,    0,       1005 , 628.1700),
( 1000039 , 4, 'Bed & Breakfa ' , 3, 0,1,1,0,    1,       1006 , 165.6400),
( 1000040 , 1, 'Bed & Breakfa ' , 5, 0,1,0,1,    0,       1006 , 113.1100),
( 1000041 , 3, 'Bed & Breakfa ' , 2, 1,0,1,1,    0,       1006 , 165.3300),
( 1000042 , 1, 'Bed & Breakfa ' , 3, 1,1,0,1,    1,       1006 , 859.4800),
( 1000043 , 4, 'Bed & Breakfa ' , 6, 0,1,0,1,    1,       1006 , 191.4500),
( 1000044 , 4, 'Bed & Breakfa ' , 5, 1,1,0,1,    1,       1006 , 608.4100),
( 1000045 , 1, 'Bed & Breakfa ' , 5, 1,0,0,0,    1,       1006 , 756.8900),
( 1000046 , 2, 'Bed & Breakfa ' , 1, 1,0,0,1,    0,       1006 , 173.4500),
( 1000047 , 3, 'Bed & Breakfa ' , 1, 1,0,1,1,    0,       1006 , 197.3500),
( 1000048 , 3, 'Bed & Breakfa ' , 5, 1,1,0,1,    1,       1006 , 149.7900),
( 1000049 , 4, 'Bed & Breakfa ' , 2, 0,0,0,0,    0,       1007 , 203.8600),
( 1000050 , 2, 'Bed & Breakfa ' , 4, 0,1,0,0,    1,       1007 , 112.9500),
( 1000051 , 2, 'Bed & Breakfa ' , 6, 0,1,0,0,    1,       1007 , 184.8000),
( 1000052 , 2, 'Bed & Breakfa ' , 3, 0,0,1,1,    1,       1007 , 412.7700),
( 1000053 , 4, 'Bed & Breakfa ' , 6, 0,1,0,0,    1,       1007 , 142.4200),
( 1000054 , 2, 'Bed & Breakfa ' , 4, 0,1,0,0,    0,       1007 , 191.1700),
( 1000055 , 4, 'Bed & Breakfa ' , 2, 0,0,1,0,    0,       1007 , 749.2400),
( 1000056 , 1, 'Vacation home ' , 5, 1,0,1,0,     1,       1010 , 137.8000),
( 1000057 , 4, 'Vacation home ' , 1, 0,1,0,0,     0,       1010 , 429.9900),
( 1000058 , 4, 'Vacation home ' , 2, 0,1,1,1,     1,       1010 , 982.9000),
( 1000059 , 3, 'Vacation home ' , 5, 1,0,0,1,     0,       1010 , 135.4900),
( 1000060 , 4, 'Vacation home ' , 3, 0,0,0,1,     0,       1010 , 511.7000),
( 1000061 , 2, 'Vacation home ' , 5, 0,1,1,1,     0,       1010 , 208.4400),
( 1000062 , 1, 'Vacation home ' , 5, 0,1,1,1,     0,       1010 , 193.7400),
( 1000063 , 2, 'Vacation home ' , 7, 1,1,0,0,     0,       1010 , 182.7300),
( 1000064 , 2, 'Vacation home ' , 3, 0,0,0,0,     1,       1004 , 572.6600),
( 1000065 , 3, 'Vacation home ' , 3, 1,1,0,0,     1,       1004 , 115.9100),
( 1000066 , 3, 'Vacation home ' , 3, 1,0,0,0,     0,       1004 , 805.7500),
( 1000067 , 4, 'Vacation home ' , 3, 0,1,1,0,     0,       1004 , 163.2600),
( 1000068 , 3, 'Vacation home ' , 2, 0,0,1,1,     0,       1004 , 110.0600),
( 1000069 , 2, 'Vacation home ' , 7, 0,1,1,1,     1,       1004 , 143.3900),
( 1000070 , 4, 'Vacation home ' , 3, 0,0,0,0,     1,       1004 , 114.1600),
( 1000071 , 2, 'Vacation home ' , 5, 0,0,0,0,     1,       1004 , 843.5300),
( 1000072 , 3, 'Vacation home ' , 4, 0,0,1,0,     1,       1008 , 939.8200),
( 1000073 , 2, 'Vacation home ' , 3, 0,1,0,0,     1,       1008 , 200.1100),
( 1000074 , 4, 'Vacation home ' , 3, 1,0,0,1,     0,       1008 , 199.8900),
( 1000075 , 2, 'Guest house ' , 5, 0,0,1,0,      0,       1003 , 154.8200),
( 1000076 , 3, 'Guest house ' , 1, 0,1,0,1,      1,       1003 , 610.5100),
( 1000077 , 1, 'Guest house ' , 4, 0,1,1,0,      1,       1003 , 158.5900),
( 1000078 , 3, 'Guest house ' , 1, 0,0,0,1,      0,       1003 , 137.4300),
( 1000079 , 1, 'Guest house ' , 7, 1,0,1,0,      0,       1003 , 760.3100),
( 1000080 , 3, 'Guest house ' , 7, 0,0,1,0,      0,       1003 , 147.7100),
( 1000081 , 1, 'Guest house ' , 6, 1,0,0,0,      1,       1003 , 356.4200),
( 1000082 , 1, 'Guest house ' , 5, 1,1,0,1,      0,       1003 , 945.1100),
( 1000083 , 3, 'Guest house ' , 4, 0,0,0,1,      0,       1003 , 188.9900),
( 1000084 , 2, 'Guest house ' , 6, 0,1,1,0,      0,       1008 , 178.0700),
( 1000085 , 3, 'Guest house ' , 2, 1,0,1,1,      1,       1008 , 709.3900),
( 1000086 , 4, 'Guest house ' , 3, 0,0,1,1,      1,       1008 , 491.7000),
( 1000087 , 2, 'Guest house ' , 5, 0,1,1,0,      0,       1008 ,  191.8500),
( 1000088 , 3, 'Guest house ' , 6, 0,1,1,0,      1,       1008 ,  752.3900),
( 1000089 , 2, 'Guest house ' , 5, 0,0,1,1,      1,       1008 ,  147.4600),
( 1000090 , 1, 'Guest house ' , 6, 1,0,0,0,      0,       1008 ,  205.4000),
( 1000091 , 4, 'Guest house ' , 4, 1,1,1,1,      1,       1009 ,  126.4100),
( 1000092 , 3, 'Guest house ' , 7, 1,1,1,0,      1,       1009 ,  141.1500),
( 1000093 , 4, 'Guest house ' , 7, 0,0,1,0,      0,       1009 ,  184.3900),
( 1000094 , 3, 'Guest house ' , 6, 1,1,0,0,      0,       1009 ,  943.9400),
( 1000095 , 2, 'Guest house ' , 3, 1,0,0,1,      1,       1009 ,  198.4200),
( 1000096 , 3, 'Guest house ' , 3, 1,0,1,0,      1,       1009 ,  855.6300),
( 1000097 , 3, 'Guest house ' , 7, 1,1,1,0,      1,       1011 ,  174.9700),
( 1000098 , 2, 'Guest house ' , 5, 0,0,0,1,      0,       1011 ,  146.9300),
( 1000099 , 3, 'Guest house'  , 2, 1,1,0,0,      0,       1011 ,   235.4500);



 
insert into Lokacija(idLokacija,naziv,postcode,drzava) values
(1000, 'Lagos' , 183009 , 'Nigeria') ,
(1001, 'Alexandria ' , 340589 , 'Egypt ' ) ,
(1002, 'Shenzhen ' , 205031 , 'China ' ) ,
(1003, 'Riyadh ' , 503869 , 'Saudi Arabia ' ) ,
(1004, 'Istanbul ' , 501605 , 'Turkey' ) ,
(1005, 'Hyderabad ' , 639002 , 'India' ) ,
(1006, 'Hyderabad ' , 149039 , 'India ' ) ,
(1007, 'Jeddah ' , 681952 , 'Saudi Arabia ' ) ,
(1008, 'Hong Kong' , 601864 , 'China ' ) ,
(1009, 'Dongguan ' , 286108 , 'China ' ) ,
(1010, 'Los Angeles' , 130840 , 'United States ' ) ,
(1011, 'Bogota ' , 296558 , 'Colombia ' ) ,
(1012, 'Kinshasa ' , 288917 , 'Democratic Republic of the Congo ' ) ,
(1013, 'Jeddah ' , 102338 , 'Saudi Arabia ' ) ,
(1014, 'London ' , 181316 , 'United Kingdom ' ) ,
(1015, 'Lima' , 139351 , 'Peru ' ) ,
(1016, 'Riyadh' , 161405 , 'Saudi Arabia ' ) ,
(1017, 'Jakarta ' , 563971 , 'Indonesia' ) ,
(1018, 'Suzhou' , 455594 , 'China ' ) ,
(1019, 'Surat ' , 698496 , 'India' ) ,
(1020, 'Madrid ' , 432217 , 'Spain ' ) ,
(1021, 'Lima ' , 160584 , 'Peru ' ) ,
(1022, 'Cairo ' , 113993 , 'Egypt ' ) ,
(1023, 'Hanoi ' , 480343 , 'Vietnam ' ) ,
(1024, 'Jaipur ' , 473942 , 'India ' ) ,
(1025, 'London ' , 592170 , 'United Kingdom ' ) ,
(1026, 'Saint Petersburg ' , 393195 , 'Russia' ) ,
(1027, 'Lima' , 175952 , 'Peru ' ) ,
(1028, 'London ' , 599530 , 'United Kingdom' ) ,
(1029, 'Lahore ' , 328758 , 'Pakistan ' );

insert into VlasnistvoSmestaja(vlasnistvoSmestajaID,tipVlasnistvaSmestaja,naziv,ulica,brojTelefona,email,LokacijaID) values 
(1000, 'Hotel' , 'Best Western.Laramie', 'Magnolia Court','136353592', ' best western.laramie@kwemail.com', 1014),
(1001, 'Villa' , 'Pride & Joy Environmental Rsrt ' , 'Wall Street ' ,'100522701 ' , ' pride joy environmental rsrt @remail.com ' ,1021 ) ,
(1002, 'Motel' , 'Dakota Country Inn ' , 'Colonial Drive ' ,'135941896 ' , ' dakota country inn @isxmail.com ' , 1028 ) ,
(1003, 'Campground' , 'Washington Athletic Club ' , 'Front Street South ' , '40740497 ' , 'washington athletic club @sotelmail.com ' , 1020 ),
(1004, 'Villa' , 'Surftides Plaza Condos ' , 'Roberts Road ' ,'115841708 ' , 'surftides plaza condos @tsxmail.com ' , 1004 ),
(1005, 'Motel' , 'Sierra Motel ' , 'B Street ' , '30467161 ' , ' sierra motel @isxmail.com ' , 1010 ) ,
(1006, 'Villa' , 'Echo Ledge Farm Inn ' , 'Virginia Avenue ' ,'88241352 ' , 'echo ledge farm inn @nasxmal.com ' , 1001 ) ,
(1007, 'Hotel' , 'Thunder Lodge ' , 'Glenwood Avenue ' ,'156583153 ' , 'thunder lodge @asxmal.com ' , 1026 ) ,
(1008, 'Campground' , 'Jefferson Notch Motel & Cabins ' , '5th Street East ' , '24531486 ' , 'jefferson notch motel cabins@pemail.com ' , 1001 ) ,
(1009, 'Campground' , 'Hershey Entertainment Co ' , 'Main Street North ' ,'138354170 ' , ' hershey entertainment co @ecamail.com ' , 1023 ) ,
(1010, 'Villa' , 'Rock Hotel Inc ' , 'Beechwood Drive ' ,'44294231 ' , 'rock hotel inc @csxmal.com ' , 1016 ) ,
(1011, 'Campground' , 'Candlewyck Cove Resort ' , 'Homestead Drive ' , '28182119 ' , 'candlewyck cove resort @aolicemail.com ' , 1029 ) ;


insert into OpisVlasnistvaSmestaja(vlasnistvoSmestajaID, imaBar,imaSpa,imaParking,imaRoomService,imaWifi,ljubimci,ukljucenDorucak,noPrepayment,disabledGuestFascilities) values 

(1000,0, 0,	1,	1,	1,	1,	1,	0,	0),
(1001,1, 1,	1,	1,	0,	0,	0,	0,	0),
(1002,1, 0,	1,	1,	1,	1,	1,	1,	0),
(1003,0, 1,	1,	0,	1,	1,	1,	0,	0),
(1004,0, 0,	1,	0,	1,	0,	1,	1,	1),
(1005,1, 0,	0,	0,	0,	0,	1,	1,	1),
(1006,0, 0,	0,	1,	0,	1,	1,	1,	1),
(1007,0, 1,	1,	0,	0,	1,	1,	0,	1),
(1008,1, 1,	0,	1,	1,	1,	1,	0,	0),
(1009,1, 0,	0,	1,	0,	1,	1,	1,	1),
(1010,0, 0,	1,	1,	1,	0,	0,	0,	1),
(1011,0, 0,	0,	1,	0,	1,	1,	0,	1);



insert into OceneSmestaja(korisnikID,smestajID,cistoca,lokacija,osoblje,usluge,komfort, datumOcene, komentar) values 

(10012, 1000085, 4,6,10,10,10 ,now(), 'The hideout was a perfect oasis for our first couple nights in Bali. Being up in the mountains gave us a taste of true Bali without being surrounded by tourists. There are cats and dogs on the property that are very friendly and spent a lot of time with us while in our room. Breakfast was also amazing along with the very friendly and helpful staff. '),
(10017, 1000090, 4,8,8,5 ,4   ,now(), 'Hideout is in walking distance from a resort where you can have a lovely dinner in the restaurant with unforgettable view to Gunung Agung. You can easily reach many traditional small shops / warung. '),
(10010, 1000072, 6,10,6,9 ,5  ,now(), 'Best Airbnb experience we ever had! Amazing people, home, and hospitality! We would come back just because of Daniel and Kim! The place is amazing and beautiful! They offered us breakfast every morning, which was delicious! They even did our laundry, they were seriously the greatest. Thank you Daniel and Kim for being so awesome! Place was super tidy and close to everything! We fell in love with everything!'),
(10019, 1000014, 7,4,10,10 ,7 ,now(), 'Great place to stay. Little gem. 8mins walk to Hotel Moskva. Close to touristy places. Loved it'),
(10018, 1000035, 4,4,4,9 ,4   ,now(), 'This is a very comfortable, relaxing and spacious place in a private courtyard in a quiet suburb out at the end of the subway line. We loved the walkable retreat from the city yet being within easy reach of everything. Great comfy bed and loved the big windows. Definitely go to the tavern next door as Clara recommends!'),
(10021, 1000045, 5,10,9,5 ,5  ,now(), ''),
(10009, 1000076, 9,7,7,6 ,10  ,now(), 'Very cool place. Highly recommend'),
(10008, 1000094, 7,9,4,9 ,9   ,now(), 'Antonio is a warm and charming host, and his suppers should not be missed! Arrive with an empty stomach.'),
(10011, 1000043, 6,9,7,7 ,7   ,now(), ''),
(10016, 1000023, 8,10,9,8 ,9  ,now(), 'Great place! Very stylish and right in the center of everything! The only downsides were that the coffee machine did not work; and there was no iron or blowdryer, which are usually expected.'),
(10014, 1000067, 10,8, 10,8 ,4,now(), ''),
(10015, 1000075, 8,4,10,9 ,10 ,now(), 'The apartment pictures are only a small preview of this wonderful apartment. Just outside the city center and so close to everything you need. I highly recommend Thurn just across the street from the apartment. Everything is close, but it is just outside true city enough to be relaxing and feel like a real retreat. ') ,
(10020, 1000095, 7,9,4,9 ,9   ,now(), ''),
(10013, 1000082, 10,8, 10,8 ,4,now(), 'very clean and great location');

insert into Objekti(objektiID, naziv, ulica) values 
(1 , 'KajoLibrary', 'Blossom Passage'),
(2 , 'Exive Library ' , 'Grove Lane ' ),
(3 , 'Aliveo Library ' , 'Luna Route ' ),
(4 , 'Vizio Library ' , 'Beaver Passage ' ),
(5 , 'Socivu Library ' , 'Senna Street ' ),
(6 , 'Rhyicious park ' , 'Dew Way ' ),
(7 , 'Viceva park ' , 'Heart Row ' ),
(8 , 'Syloid park ' , 'Butcher Way ' ),
(9 , 'Coralia park ' , 'School Lane ' ),
(10 , 'Supranu park ' , 'Gray Street ' ),
(11 , 'JAjo park ' , 'Sugarplum Street ' ),
(12 , 'Zoofix park ' , 'Orchid Avenue ' ),
(13 , 'Misend Library ' , 'Pebble Avenue ' ),
(14 , 'Demijo Library ' , 'Globe Street ' ),
(15 , 'Ultrayo Library ' , 'Bloomfield Avenue ' ),
(16 , 'Contrambee Caffe ' , 'Kings Way ' ),
(17 , 'Octonu Caffe ' , 'Centre Avenue ' ),
(18 , 'Paleoyo Caffe ' , 'Champion Avenue ' ),
(19 , 'INsulescent Caffe ' , 'Rowan Row ' ),
(20 , 'Postive Caffe ' , 'Apostle Street ' ),
(21 , 'Unose Caffe ' , 'Sunny Way ' ),
(22 , 'Microzzy Caffe ' , 'Cave Lane ' ),
(23 , 'WikilithSight ' , 'Summer Passage ' ),
(24 , 'Otri park ' , 'Fortune Lane ' ),
(25 , 'Biolia park ' , 'Gold Avenue ' ),
(26 , 'Execudel park ' , 'Peace Route ' ),
(27 , 'Colium park ' , 'School Avenue ' ),
(28 , 'Acericious park ' , 'Farmer Lane ' ),
(29 , 'Kayose Sight ' , 'Seaview Street ' ),
(30 , 'Premicious Sight ' , 'Penrose Avenue ' ),
(31 , 'LAvu Sight ' , 'Grime Passage ' ),
(32 , 'TRilia park ' , 'Timber Way ' ),
(33 , 'Enosis park ' , 'Polygon Avenue ' ),
(34 , 'Domend park ' , 'Lotus Street ' ),
(35 , 'Kinti Sight ' , 'Great Boulevard ' ),
(36 , 'Albicious Sight ' , 'Temple Row ' ),
(37 , 'Synore Sight ' , 'Vista Route ' ),
(38 , 'ZanixCaffe ' , 'Mill Avenue ' ),
(39 , 'Conor Caffe ' , 'Queen Passage ' ),
(40 , 'Comescent Caffe ' , 'Maple Row ' ),
(41 , 'Quasitz Caffe ' , 'Broad Lane ' ),
(42 , 'LEefix Sight ' , 'Estate Street ' ),
(43 , 'Dianti Sight ' , 'Bay View Passage ' ),
(44 , 'ISotude Sight ' , 'Highland Lane ' ),
(45 , 'IDeonu Sight ' , 'Bay View Route ' ),
(46 , 'Maximbo Sight ' , 'Honor Boulevard ' ),
(47 , 'Dominible park ' , 'Cottage Passage ' ),
(48 , 'Venible park ' , 'Knight Way ' ),
(49 , 'Yalith park ' , 'Autumn Way ' ),
(50 , 'Movose park ' , 'Hind Way ' ),
(51 , 'Homondu park ' , 'Lotus Row ' ),
(52 , 'Nonism park ' , 'Ferry Street ' ),
(53 , 'LUpill Sight ' , 'Phoenix Boulevard ' ),
(54 , 'Bover Sight ' , 'Brook Lane ' ),
(55 , 'Sucism Sight ' , 'Feathers Passage ' ),
(56 , 'Pedity Sight ' , 'Coral Avenue ' ),
(57 , 'Hydronix Caffe ' , 'Jade Boulevard ' ),
(58 , 'Dolise Caffe ' , 'Parkside Avenue ' ),
(59 , 'Perer Caffe ' , 'Meadow Street ' ),
(60 , 'Kwiva Caffe ' , 'Fair Boulevard ' );

 
insert into Status(korisnikID,status,booked) values 
(10000,  'active' ,    2),
(10001 , 'active' ,    4),
(10002 , 'active' ,    1),
(10003 , 'active' ,    1),
(10004 , 'active' ,    0),
(10005 , 'active' ,    0),
(10006 , 'active' ,    1),
(10007 , 'active' ,    4),
(10008 , 'active' ,    1),
(10009 , 'active' ,    1),
( 10010, 'active' ,    2),
( 10011, 'active' ,    4),
( 10012, 'active' ,    1),
( 10013, 'active' ,    3),
( 10014, 'active' ,    2),
( 10015, 'active' ,    0),
( 10016, 'active' ,    3),
( 10017, 'active' ,    2),
( 10018, 'active' ,    4),
( 10019, 'active' ,    1),
( 10020, 'active' ,    4),
( 10021, 'active' ,    2),
( 10022, 'active' ,    1),
( 10023, 'active' ,    0),
( 10024, 'active' ,    2),
( 10025, 'active' ,    2),
( 10026, 'active' ,    0),
( 10027, 'active' ,    0),
( 10028, 'active' ,    3),
( 10029, 'active' ,    2),
( 10030, 'not active', 2),
( 10031, 'not active', 2),
( 10032, 'not active', 1),
( 10033, 'not active', 4),
( 10034, 'not active', 3),
( 10035, 'not active', 1),
( 10036, 'not active', 3),
( 10037, 'not active', 1),
( 10038, 'not active', 1),
( 10039, 'not active', 1),
( 10040, 'not active', 1),
( 10041, 'not active', 4),
( 10042, 'not active', 1),
( 10043, 'not active', 1),
( 10044, 'not active', 4),
( 10045, 'not active', 4),
( 10046, 'not active', 2),
( 10047, 'not active', 1),
( 10048, 'not active', 2),
( 10049, 'not active', 1);


 

insert into Distanca(objektiID,vlasnistvoSmestajaID,opis,km) values 
(43 , 1000, null, 15 ),
(23 , 1000 , null , 10 ),
(3 , 1000 , null , 12 ),
(42 , 1001 , null , 10 ),
(38 , 1001 , null , 13 ),
(22 , 1001 , '3 min drive' , null),
(10 , 1001 , '3 min drive' , null),
(44 , 1001 , '4 min drive' , null),
(14 , 1002 , '2 min drive' , null),
(9 , 1002 , '5 min drive' ,  null),

(39 , 1002 , '4 min drive' , null),
(18 , 1003 , '3 min drive' , null),
(31 , 1003 , '3 min drive' , null),
(5 , 1003 , '6 min drive' ,  null),
(15 , 1004 , null , 15 ),
(8 , 1004 , null , 23 ),
(33 , 1005 , null , 12 ),
(20 , 1005 , null , 18 ),
(38 , 1005 , null , 10 ),
(27 , 1006 , null , 21 ),
(17 , 1006 , null , 21 ),
(58 , 1006 , null , 12 ),
(52 , 1006 , null , 10 ),
(28 ,1007 , null , 22 ),
(32 ,1007 , null , 20 ),
(42 ,1007 , null , 11 ),
(31 ,1008 , null , 23 ),
(38 ,1008 ,'3 min walk' , null ),
(60 ,1008 ,'3 min walk' , null ),
(19 ,1008 ,'4 min walk' , null ),
(60 ,1009 ,'2 min walk' , null ),
(3 ,1010 ,'5 min walk' , null ),
(16 ,1010 ,'3 min walk' , null ),
(10 ,1010 ,'4 min walk' , null ),

(18 ,1011 ,'3 min walk' , null ),
(27 ,1011 ,'6 min walk' , null ),
( 19 ,1011 , null, 20);

-- iznajmljivanje cuva info o tekucim rezervacijama, kada se tu izbrise red onda je apartman slobodan
-- triger pre unosa u tabelu iznajmljivanje:
-- 1. Proverava se da li se za <smestaj> preklapa datum pocetka i datum kraja, i zabranjuje se unos u tom slucaju
--  2. automatski se racuna broj_dana 
--  3. unosi se red u tabelu Placanje, gde se racuna ukupna cena i ako je korisnik uplatio, postavlja se datum uplate, a inace null
--  4. postavlja se status korisnika na 'active'
-- 5. mora pri unosu da vazi datumPocetka < datumKraja !! 

-- triger pre brisanja iz tabele iznajmljivanje:
-- 	1. da li je uplaceno vece jednako ukupnoj ceni 
--  2. brise red iz tabele Placanje
--  3. postavlja se status korisnika na 'not active' i ako je uplaceno nesto, onda uvecava broj booked-ova (jer moze da bude da je otkazano).



insert into Iznajmljivanje(korisnikID,smestajID,datumPocetka,datumKraja,brojDana,datumIznajmljivanja) values 
(10000, 1000080 , date('2019-01-05'), date('2019-01-07'),  2 ,  now()) ,
(10001, 1000087 , date('2019-01-08'), date('2019-01-10'),  2 ,  now()) ,
(10002, 1000005 , date('2019-02-12'), date('2019-02-15'),  3 ,  now()) ,
(10003, 1000018 , date('2019-03-05') , date('2019-03-08'), 3 ,  now()) ,
(10004, 1000028 , date('2019-03-12') , date('2019-03-16'), 4 ,  now()) ,
(10005, 1000050 , date('2019-03-14') , date('2019-03-18'), 4 ,  now()) ,
(10006, 1000057 , date('2019-03-26') , date('2019-04-05'), 10 , now()) ,
(10007, 1000040 , date('2019-04-05') , date('2019-04-15'), 10 , now()) ,
(10008, 1000022 , date('2019-04-06') , date('2019-04-16'), 10 , now()) ,
(10009, 1000060 , date('2019-04-16') , date('2019-04-26'), 10 , now()) ,
(10010, 1000070 , date('2019-06-06') , date('2019-06-16'), 10 , now()) ,
(10011, 1000004 , date('2019-06-08') , date('2019-06-18'), 10 , now()) ,
(10012, 1000087 , date('2019-06-14') , date('2019-06-24'), 10 , now()) ,
(10013, 1000093 , date('2019-06-19') , date('2019-06-29'), 10 , now()) ,
(10014, 1000050 , date('2019-07-01') , date('2019-07-08'), 7 ,  now()) ,
(10015, 1000029 , date('2019-07-28') , date('2019-08-09'), 12 , now()) ,
(10016, 1000014 , date('2019-09-05') , date('2019-09-17'), 12 , now()) ,
(10017, 1000097 , date('2019-09-15') , date('2019-09-27'), 12 , now()) ,
(10018, 1000064 , date('2019-09-18') , date('2019-09-30'), 12 , now()) ,
(10019, 1000066 , date('2019-10-16') , date('2019-10-20'), 4 ,  now()) ,
(10020, 1000034 , date('2019-11-17') , date('2019-11-21'), 4 ,  now()) ,
(10021, 1000084 , date('2019-11-19') , date('2019-12-06'), 17 , now()) ,
(10022, 1000056 , date('2019-12-02') , date('2019-12-19'), 17 , now()) ,
(10023, 1000057 , date('2019-12-24') , date('2020-01-10'), 17 , now()) ,
(10024, 1000091 , date('2019-06-30') , date('2019-07-05'), 5 ,  now()) ,
(10025, 1000030 , date('2019-07-04') , date('2019-07-09'), 5 ,  now()) ,
(10026, 1000073 , date('2019-08-17') , date('2019-08-22'), 5 ,  now()) ,
(10027, 1000005,  date('2019-08-19') , date('2019-08-26'), 7 ,  now()) ,
(10028, 1000037 , date('2019-03-19') , date('2019-03-21'), 2 ,  now()) ,
(10029, 1000089 , date('2019-09-15') , date('2019-09-22'), 7 ,  now()) ;

-- datum uplate se postavlja na null automatski, i onda se azurira rucno kada korisnik uplati,
-- a brise se kada korisnik zavrsi iznajmljivanje ili otkaze iznajmljivanje 


insert into
  Placanje(
    korisnikID,
    smestajID,
    datumUplate,
    ukupanIznos,
    uplaceno
  )
values
  (10000, 1000080, now(), 295.42, 295.42),
  (10001, 1000087, now(), 383.7, 383.7),
  (10002, 1000005, now(), 1272.69, 1272.6),
  (10003, 1000018, now(), 912.24, 912.24),
  (10004, 1000028, now(), 858.04, 858.04),
  (10005, 1000050, now(), 451.8, 451.8),
  (10006, 1000057, now(), 4299.9, 4299.9),
  (10007, 1000040, now(), 1131.1, 1131.1),
  (10008, 1000022, now(), 2947, 2947),
  (10009, 1000060, now(), 5117, 5117),
  (10010, 1000070, now(), 1141.6, 1141.6),
  (10011, 1000004, now(), 1957.7, 1957.7),
  (10012, 1000087, now(), 1918.5, 1918.5),
  (10013, 1000093, now(), 1843.9, 1843.9),
  (10014, 1000050, now(), 790.65, 790.65),
  (10015, 1000029, now(), 5624.4, 5624.4),
  (10016, 1000014, null, 2453.88, null),
  (10017, 1000097, null, 2099.64, null),
  (10018, 1000064, null, 6871.92, null),
  (10019, 1000066, null, 3223, null),
  (10020, 1000034, null, 547.64, null),
  (10021, 1000084, null, 3027.19, null),
  (10022, 1000056, null, 2342.6, null),
  (10023, 1000057, null, 7309.83, null),
  (10024, 1000091, null, 632.05, null),
  (10025, 1000030, null, 550.75, null),
  (10026, 1000073, null, 1000.55, null),
  (10027, 1000005, null, 2969.61, null),
  (10028, 1000037, null, 417.8, null),
  (10029, 1000089, null, 1032.22, null);


-- upiti, i funkcionalnost aplikacije  

-- za sve ove upite potrebni su neki ulazni parametri, u C programu lakse, a u pdfu cu navesti neke konkretne 

-- studentski apartmani: ako ima wifi, broj_soba=1, broj_kreveta=1, i u blizini bar jednu biblioteku i kafic, noPrepayment 
-- business apartmani: ako ima wifi, dorucak, roomService, parking, spa, klimu 
-- roditeljski apartmani: ako ima flatscreen tv, klimu, petsAllowed, u blizini sight, park, caffee
 
 
-- 1. izlistati sve po zadatom kriterijumu //ovo je glavno izlistavanje izlistava se sve [SELECT]

-- 2. iznajmljivanje novog smestaja po zadatim kriterijumima [INSERT]

-- 3. izvrsavanje uplate korisnika (kada naknadno uplati sumu) [UPDATE]

-- 4. ocenjivanje smestaja [INSERT]

-- 5. registracija novog korisnika [INSERT]

-- 6. otkazivanje rezervacije [DELETE]

-- 7. brisanje korisnika  [DELETE]

-- 8. log in korisnika [SELECT] // pretraga baze

-- 9. prikaz svih rezervacija korisnika 
/*
insert into Srodstvo values 
(1000, 1003),
(1002, 1005),
(1008, 1010),
(1011, 1013),
(1014, 1015); */

-- ulazni parametri su lokacija, datum pocetka, datum kraja, broj osoba
-- izlistava 

/*
select *
from Smestaj s join VlasnistvaSmestaja vs
	on s.vlasnistvoSmestajaID=vs.vlasnistvoSmestajaID
join OpisVlasnistvaSmestaja ovs 
	on ovs.vlasnistvoSmestajaID=s.vlasnistvoSmestajaID
join Lokacija l 
	on vs.lokacijaID=l.lokacijaID
join OceneApartmana oa
	on oa.SmestajID=s.SmestajID
where l.naziv = <lokacija> and s.brojKreveta=<brojOsoba>
and not exists (select * from Iznajmljivanje i where i.smestajID=s.smestajID and <datum_pocetka> between datumPocetka and datumKraja)

--2. iznajmljivanje novog smestaja po zadatim kriterijumima [INSERT]
-- upit koji aktivira trigger, unosi se smestajID, datump, datumk
insert into Iznajmljivanje values 
(10000, 1000080 , date('2019-01-05'), date('2019-01-07'),  2 ,  now());

--3. unosenje uplate korisnika , aktivira triger
update Placanje 
set uplaceno = <value>
where korisnikID=<idkorisnika> and smestajID=<idsmestaja>;

--4. unosenje ocene korisnika 
insert into OceneApartmana(korisnikID,smestajID,cistoca,lokacija,osoblje,usluge,komfort, datumOcene, komentar) values 
(<korisnikid>, <smestajid>, <value1>, <value2>, <value3>, <value4>, <value5>, now(), <value6>);


--5. registracija novog korisnika 

insert into Korisnik values 
();
insert into Student values 
();
insert into Zaposlen values 
();
insert into Lice values 
();

--6. korisnik je zavrsio sa uslugama i izbacuje se iz tabele iznajmljivanje 

delete from Iznajmljivanje
where smestajID=<smestajid> and korisnikID=<korisnikid>

--7. brisanje naloga korisnika 

delete from Korisnik
where korisnikID=<korisnikid>

-- 8. login korisnika, pretraga tabele sa paswordima 

-- treba da napravim bazu, i pronadjem kako se radi enkriptovanje 

*/

